SlNo,State_Code,State,District_Key,District,Confirmed,Active,Recovered,Deceased,Migrated_Other,Delta_Confirmed,Delta_Active,Delta_Recovered,Delta_Deceased,District_Notes,Last_Updated
0,UN,State Unassigned,UN_Unassigned,Unassigned,4356,4356,0,0,0,-633,-633,0,0,,
1,AN,Andaman and Nicobar Islands,AN_Nicobars,Nicobars,0,0,0,0,0,0,0,0,0,,
2,AN,Andaman and Nicobar Islands,AN_North and Middle Andaman,North and Middle Andaman,1,0,1,0,0,0,0,0,0,,
3,AN,Andaman and Nicobar Islands,AN_South Andaman,South Andaman,51,19,32,0,0,0,0,0,0,,
0,AP,Andhra Pradesh,AP_Foreign Evacuees,Foreign Evacuees,422,154,268,0,0,0,0,0,0,,
4,AP,Andhra Pradesh,AP_Anantapur,Anantapur,2568,1033,1517,18,0,0,0,0,0,,
5,AP,Andhra Pradesh,AP_Chittoor,Chittoor,1765,846,903,16,0,0,0,0,0,,
6,AP,Andhra Pradesh,AP_East Godavari,East Godavari,2015,1491,516,8,0,0,0,0,0,,
7,AP,Andhra Pradesh,AP_Guntur,Guntur,2435,1279,1135,21,0,0,0,0,0,,
8,AP,Andhra Pradesh,AP_Krishna,Krishna,1968,651,1245,72,0,0,0,0,0,,
9,AP,Andhra Pradesh,AP_Kurnool,Kurnool,2722,1061,1573,88,0,0,0,0,0,,
0,AP,Andhra Pradesh,AP_Other State,Other State,2266,779,1487,0,0,0,0,0,0,,
10,AP,Andhra Pradesh,AP_Prakasam,Prakasam,769,269,497,3,0,0,0,0,0,,
11,AP,Andhra Pradesh,AP_S.P.S. Nellore,S.P.S. Nellore,873,456,411,6,0,0,0,0,0,,
12,AP,Andhra Pradesh,AP_Srikakulam,Srikakulam,360,298,54,8,0,0,0,0,0,,
13,AP,Andhra Pradesh,AP_Visakhapatnam,Visakhapatnam,983,490,483,10,0,0,0,0,0,,
14,AP,Andhra Pradesh,AP_Vizianagaram,Vizianagaram,307,202,102,3,0,0,0,0,0,,
15,AP,Andhra Pradesh,AP_West Godavari,West Godavari,1366,943,416,7,0,0,0,0,0,,
16,AP,Andhra Pradesh,AP_Y.S.R. Kadapa,Y.S.R. Kadapa,1440,942,494,4,0,0,0,0,0,,
17,AR,Arunachal Pradesh,AR_Anjaw,Anjaw,4,4,0,0,0,0,0,0,0,,
18,AR,Arunachal Pradesh,AR_Changlang,Changlang,92,31,61,0,0,0,0,0,0,,
19,AR,Arunachal Pradesh,AR_East Kameng,East Kameng,0,0,0,0,0,0,0,0,0,,
20,AR,Arunachal Pradesh,AR_East Siang,East Siang,10,0,10,0,0,0,0,0,0,,
21,AR,Arunachal Pradesh,AR_Kamle,Kamle,0,0,0,0,0,0,0,0,0,,
22,AR,Arunachal Pradesh,AR_Kra Daadi,Kra Daadi,0,0,0,0,0,0,0,0,0,,
23,AR,Arunachal Pradesh,AR_Kurung Kumey,Kurung Kumey,0,0,0,0,0,0,0,0,0,,
24,AR,Arunachal Pradesh,AR_Lepa Rada,Lepa Rada,1,0,1,0,0,0,0,0,0,,
25,AR,Arunachal Pradesh,AR_Lohit,Lohit,4,0,4,0,0,0,0,0,0,,
26,AR,Arunachal Pradesh,AR_Longding,Longding,4,2,2,0,0,0,0,0,0,,
27,AR,Arunachal Pradesh,AR_Lower Dibang Valley,Lower Dibang Valley,3,0,3,0,0,0,0,0,0,,
28,AR,Arunachal Pradesh,AR_Lower Siang,Lower Siang,3,3,0,0,0,0,0,0,0,,
29,AR,Arunachal Pradesh,AR_Lower Subansiri,Lower Subansiri,7,7,0,0,0,0,0,0,0,,
30,AR,Arunachal Pradesh,AR_Namsai,Namsai,16,12,4,0,0,0,0,0,0,,
31,AR,Arunachal Pradesh,AR_Pakke Kessang,Pakke Kessang,1,0,1,0,0,0,0,0,0,,
32,AR,Arunachal Pradesh,AR_Papum Pare,Papum Pare,104,93,11,0,0,0,0,0,0,,
33,AR,Arunachal Pradesh,AR_Shi Yomi,Shi Yomi,0,0,0,0,0,0,0,0,0,,
34,AR,Arunachal Pradesh,AR_Siang,Siang,0,0,0,0,0,0,0,0,0,,
35,AR,Arunachal Pradesh,AR_Tawang,Tawang,1,0,1,0,0,0,0,0,0,,
36,AR,Arunachal Pradesh,AR_Tirap,Tirap,5,3,2,0,0,0,0,0,0,,
37,AR,Arunachal Pradesh,AR_Upper Dibang Valley,Upper Dibang Valley,0,0,0,0,0,0,0,0,0,,
38,AR,Arunachal Pradesh,AR_Upper Siang,Upper Siang,1,0,1,0,0,0,0,0,0,,
39,AR,Arunachal Pradesh,AR_Upper Subansiri,Upper Subansiri,1,1,0,0,0,0,0,0,0,,
40,AR,Arunachal Pradesh,AR_West Kameng,West Kameng,28,19,7,2,0,0,0,0,0,,
41,AR,Arunachal Pradesh,AR_West Siang,West Siang,2,1,1,0,0,0,0,0,0,,
0,AS,Assam,AS_Airport Quarantine,Airport Quarantine,4,4,0,0,0,0,0,0,0,,
42,AS,Assam,AS_Baksa,Baksa,85,84,0,1,0,0,0,0,0,,
43,AS,Assam,AS_Barpeta,Barpeta,150,94,55,1,0,0,0,0,0,,
44,AS,Assam,AS_Biswanath,Biswanath,58,42,16,0,0,0,0,0,0,,
45,AS,Assam,AS_Bongaigaon,Bongaigaon,24,17,7,0,0,0,0,0,0,,
46,AS,Assam,AS_Cachar,Cachar,98,16,82,0,0,0,0,0,0,,
47,AS,Assam,AS_Charaideo,Charaideo,16,16,0,0,0,0,0,0,0,,
48,AS,Assam,AS_Chirang,Chirang,52,52,0,0,0,0,0,0,0,,
49,AS,Assam,AS_Darrang,Darrang,102,102,0,0,0,0,0,0,0,,
50,AS,Assam,AS_Dhemaji,Dhemaji,96,90,6,0,0,0,0,0,0,,
51,AS,Assam,AS_Dhubri,Dhubri,334,329,5,0,0,0,0,0,0,,
52,AS,Assam,AS_Dibrugarh,Dibrugarh,77,72,5,0,0,0,0,0,0,,
53,AS,Assam,AS_Dima Hasao,Dima Hasao,89,80,9,0,0,0,0,0,0,,
54,AS,Assam,AS_Goalpara,Goalpara,57,38,4,0,0,0,0,0,0,,
55,AS,Assam,AS_Golaghat,Golaghat,272,184,88,0,0,0,0,0,0,,
56,AS,Assam,AS_Hailakandi,Hailakandi,78,71,5,2,0,0,0,0,0,,
57,AS,Assam,AS_Hojai,Hojai,267,267,0,0,0,0,0,0,0,,
58,AS,Assam,AS_Jorhat,Jorhat,145,91,54,0,0,0,0,0,0,,
59,AS,Assam,AS_Kamrup,Kamrup,215,193,21,1,0,0,0,0,0,,
60,AS,Assam,AS_Kamrup Metropolitan,Kamrup Metropolitan,5357,4962,386,9,0,0,0,0,0,,
61,AS,Assam,AS_Karbi Anglong,Karbi Anglong,41,32,7,2,0,0,0,0,0,,
62,AS,Assam,AS_Karimganj,Karimganj,106,86,20,0,0,0,0,0,0,,
63,AS,Assam,AS_Kokrajhar,Kokrajhar,86,76,10,0,0,0,0,0,0,,
64,AS,Assam,AS_Lakhimpur,Lakhimpur,85,79,6,0,0,0,0,0,0,,
65,AS,Assam,AS_Majuli,Majuli,21,21,0,0,0,0,0,0,0,,
66,AS,Assam,AS_Morigaon,Morigaon,49,21,28,0,0,0,0,0,0,,
67,AS,Assam,AS_Nagaon,Nagaon,330,304,25,1,0,0,0,0,0,,
68,AS,Assam,AS_Nalbari,Nalbari,28,19,9,0,0,0,0,0,0,,
0,AS,Assam,AS_Other State,Other State,1,0,1,0,0,0,0,0,0,,
69,AS,Assam,AS_Sivasagar,Sivasagar,29,2,26,1,0,0,0,0,0,,
70,AS,Assam,AS_Sonitpur,Sonitpur,122,86,35,1,0,0,0,0,0,,
71,AS,Assam,AS_South Salmara Mankachar,South Salmara Mankachar,7,6,1,0,0,0,0,0,0,,
72,AS,Assam,AS_Tinsukia,Tinsukia,114,108,6,0,0,0,0,0,0,,
73,AS,Assam,AS_Udalguri,Udalguri,105,102,2,1,0,0,0,0,0,,
74,AS,Assam,AS_West Karbi Anglong,West Karbi Anglong,28,28,0,0,0,0,0,0,0,,
75,BR,Bihar,BR_Araria,Araria,149,30,117,2,0,0,0,0,0,,
76,BR,Bihar,BR_Arwal,Arwal,139,32,106,1,0,0,0,0,0,,
77,BR,Bihar,BR_Aurangabad,Aurangabad,294,95,198,1,0,0,0,0,0,,
78,BR,Bihar,BR_Banka,Banka,262,32,230,0,0,0,0,0,0,,
79,BR,Bihar,BR_Begusarai,Begusarai,595,197,394,4,0,0,0,0,0,,
80,BR,Bihar,BR_Bhagalpur,Bhagalpur,693,215,472,6,0,0,0,0,0,,
81,BR,Bihar,BR_Bhojpur,Bhojpur,290,79,208,3,0,0,0,0,0,,
82,BR,Bihar,BR_Buxar,Buxar,258,34,224,0,0,0,0,0,0,,
83,BR,Bihar,BR_Darbhanga,Darbhanga,392,93,292,7,0,0,0,0,0,,
101,BR,Bihar,BR_East Champaran,East Champaran,279,42,232,5,0,0,0,0,0,,
84,BR,Bihar,BR_Gaya,Gaya,321,120,198,3,0,0,0,0,0,,
85,BR,Bihar,BR_Gopalganj,Gopalganj,379,118,261,0,0,0,0,0,0,,
86,BR,Bihar,BR_Jamui,Jamui,116,31,84,1,0,0,0,0,0,,
87,BR,Bihar,BR_Jehanabad,Jehanabad,305,57,245,3,0,0,0,0,0,,
88,BR,Bihar,BR_Kaimur,Kaimur,215,34,179,2,0,0,0,0,0,,
89,BR,Bihar,BR_Katihar,Katihar,389,98,290,1,0,0,0,0,0,,
90,BR,Bihar,BR_Khagaria,Khagaria,352,56,293,3,0,0,0,0,0,,
91,BR,Bihar,BR_Kishanganj,Kishanganj,221,47,172,2,0,0,0,0,0,,
92,BR,Bihar,BR_Lakhisarai,Lakhisarai,157,28,129,0,0,0,0,0,0,,
93,BR,Bihar,BR_Madhepura,Madhepura,238,54,183,1,0,0,0,0,0,,
94,BR,Bihar,BR_Madhubani,Madhubani,553,120,431,2,0,0,0,0,0,,
95,BR,Bihar,BR_Munger,Munger,473,143,329,1,0,0,0,0,0,,
96,BR,Bihar,BR_Muzaffarpur,Muzaffarpur,528,158,365,5,0,0,0,0,0,,
97,BR,Bihar,BR_Nalanda,Nalanda,389,158,226,5,0,0,0,0,0,,
98,BR,Bihar,BR_Nawada,Nawada,407,102,302,3,0,0,0,0,0,,
100,BR,Bihar,BR_Patna,Patna,1351,698,641,12,0,0,0,0,0,,
102,BR,Bihar,BR_Purnia,Purnia,339,60,279,0,0,0,0,0,0,,
103,BR,Bihar,BR_Rohtas,Rohtas,386,45,336,5,0,0,0,0,0,,
104,BR,Bihar,BR_Saharsa,Saharsa,276,90,186,0,0,0,0,0,0,,
105,BR,Bihar,BR_Samastipur,Samastipur,387,65,316,6,0,0,0,0,0,,
106,BR,Bihar,BR_Saran,Saran,286,76,205,5,0,0,0,0,0,,
107,BR,Bihar,BR_Sheikhpura,Sheikhpura,188,51,137,0,0,0,0,0,0,,
108,BR,Bihar,BR_Sheohar,Sheohar,103,11,91,1,0,0,0,0,0,,
109,BR,Bihar,BR_Sitamarhi,Sitamarhi,167,36,128,3,0,0,0,0,0,,
110,BR,Bihar,BR_Siwan,Siwan,529,116,411,2,0,0,0,0,0,,
111,BR,Bihar,BR_Supaul,Supaul,319,39,280,0,0,0,0,0,0,,
112,BR,Bihar,BR_Vaishali,Vaishali,250,72,175,3,0,0,0,0,0,,
99,BR,Bihar,BR_West Champaran,West Champaran,299,101,196,2,0,0,0,0,0,,
113,CH,Chandigarh,CH_Chandigarh,Chandigarh,507,98,402,7,0,0,0,0,0,,
0,CT,Chhattisgarh,CT_Other State,Other State,1,0,1,0,0,0,0,0,0,,
114,CT,Chhattisgarh,CT_Balod,Balod,54,2,52,0,0,0,0,0,0,,
115,CT,Chhattisgarh,CT_Baloda Bazar,Baloda Bazar,256,17,239,0,0,0,0,0,0,,
116,CT,Chhattisgarh,CT_Balrampur,Balrampur,146,16,130,0,0,0,0,0,0,,
117,CT,Chhattisgarh,CT_Bametara,Bametara,81,28,53,0,0,0,0,0,0,,
118,CT,Chhattisgarh,CT_Bastar,Bastar,52,37,14,1,0,0,0,0,0,,
119,CT,Chhattisgarh,CT_Bijapur,Bijapur,4,2,2,0,0,0,0,0,0,,
120,CT,Chhattisgarh,CT_Bilaspur,Bilaspur,267,79,186,2,0,0,0,0,0,,
121,CT,Chhattisgarh,CT_Dakshin Bastar Dantewada,Dakshin Bastar Dantewada,33,15,18,0,0,0,0,0,0,,
122,CT,Chhattisgarh,CT_Dhamtari,Dhamtari,8,0,7,1,0,0,0,0,0,,
123,CT,Chhattisgarh,CT_Durg,Durg,178,11,164,3,0,0,0,0,0,,
124,CT,Chhattisgarh,CT_Gariaband,Gariaband,48,8,40,0,0,0,0,0,0,,
125,CT,Chhattisgarh,CT_Janjgir Champa,Janjgir Champa,274,32,241,1,0,0,0,0,0,,
126,CT,Chhattisgarh,CT_Jashpur,Jashpur,189,21,168,0,0,0,0,0,0,,
127,CT,Chhattisgarh,CT_Kabeerdham,Kabeerdham,110,8,102,0,0,0,0,0,0,,
128,CT,Chhattisgarh,CT_Kondagaon,Kondagaon,3,0,3,0,0,0,0,0,0,,
129,CT,Chhattisgarh,CT_Korba,Korba,330,22,308,0,0,0,0,0,0,,
130,CT,Chhattisgarh,CT_Koriya,Koriya,69,12,57,0,0,0,0,0,0,,
131,CT,Chhattisgarh,CT_Mahasamund,Mahasamund,89,0,88,1,0,0,0,0,0,,
132,CT,Chhattisgarh,CT_Mungeli,Mungeli,123,1,122,0,0,0,0,0,0,,
133,CT,Chhattisgarh,CT_Narayanpur,Narayanpur,47,31,16,0,0,0,0,0,0,,
134,CT,Chhattisgarh,CT_Raigarh,Raigarh,139,10,128,1,0,0,0,0,0,,
135,CT,Chhattisgarh,CT_Raipur,Raipur,511,255,254,2,0,0,0,0,0,,
136,CT,Chhattisgarh,CT_Rajnandgaon,Rajnandgaon,331,31,298,2,0,0,0,0,0,,
137,CT,Chhattisgarh,CT_Sukma,Sukma,6,1,5,0,0,0,0,0,0,,
138,CT,Chhattisgarh,CT_Surajpur,Surajpur,30,5,25,0,0,0,0,0,0,,
139,CT,Chhattisgarh,CT_Surguja,Surguja,69,17,52,0,0,0,0,0,0,,
140,CT,Chhattisgarh,CT_Uttar Bastar Kanker,Uttar Bastar Kanker,75,16,59,0,0,0,0,0,0,,
766,CT,Chhattisgarh,CT_Gaurela Pendra Marwahi,Gaurela Pendra Marwahi,3,0,3,0,0,0,0,0,0,,
144,DL,Delhi,DL_Central Delhi,Central Delhi,184,184,0,0,0,0,0,0,0,,
145,DL,Delhi,DL_East Delhi,East Delhi,38,38,0,0,0,0,0,0,0,,
146,DL,Delhi,DL_New Delhi,New Delhi,37,37,0,0,0,0,0,0,0,,
147,DL,Delhi,DL_North Delhi,North Delhi,60,60,0,0,0,0,0,0,0,,
148,DL,Delhi,DL_North East Delhi,North East Delhi,25,25,0,0,0,0,0,0,0,,
149,DL,Delhi,DL_North West Delhi,North West Delhi,32,31,0,1,0,0,0,0,0,,
150,DL,Delhi,DL_Shahdara,Shahdara,48,48,0,0,0,0,0,0,0,,
151,DL,Delhi,DL_South Delhi,South Delhi,70,70,0,0,0,0,0,0,0,,
152,DL,Delhi,DL_South East Delhi,South East Delhi,130,130,0,0,0,0,0,0,0,,
153,DL,Delhi,DL_South West Delhi,South West Delhi,42,42,0,0,0,0,0,0,0,,
154,DL,Delhi,DL_West Delhi,West Delhi,122,122,0,0,0,0,0,0,0,,
0,DN,Dadra and Nagar Haveli and Daman and Diu,DN_Other State,Other State,0,0,0,0,0,0,0,0,0,,
141,DN,Dadra and Nagar Haveli and Daman and Diu,DN_Dadra and Nagar Haveli,Dadra and Nagar Haveli,203,105,95,0,3,0,0,0,0,,
142,DN,Dadra and Nagar Haveli and Daman and Diu,DN_Daman,Daman,216,126,89,1,0,0,0,0,0,,
143,DN,Dadra and Nagar Haveli and Daman and Diu,DN_Diu,Diu,23,11,12,0,0,0,0,0,0,,
0,GA,Goa,GA_Other State,Other State,133,110,23,0,0,0,0,0,0,"Travelled by Road,Train,Flight",
155,GA,Goa,GA_North Goa,North Goa,371,262,106,3,0,0,0,0,0,,
156,GA,Goa,GA_South Goa,South Goa,1058,452,601,5,0,0,0,0,0,,
0,GJ,Gujarat,GJ_Other State,Other State,86,61,24,1,0,0,0,0,0,,
157,GJ,Gujarat,GJ_Ahmedabad,Ahmedabad,22418,3554,17363,1501,0,0,0,0,0,,
158,GJ,Gujarat,GJ_Amreli,Amreli,118,43,66,9,0,0,0,0,0,,
159,GJ,Gujarat,GJ_Anand,Anand,261,21,227,13,0,0,0,0,0,,
160,GJ,Gujarat,GJ_Aravalli,Aravalli,237,18,197,22,0,0,0,0,0,,
161,GJ,Gujarat,GJ_Banaskantha,Banaskantha,279,83,182,14,0,0,0,0,0,,
162,GJ,Gujarat,GJ_Bharuch,Bharuch,345,172,163,10,0,0,0,0,0,,
163,GJ,Gujarat,GJ_Bhavnagar,Bhavnagar,413,207,193,13,0,0,0,0,0,,
164,GJ,Gujarat,GJ_Botad,Botad,106,30,73,3,0,0,0,0,0,,
165,GJ,Gujarat,GJ_Chhota Udaipur,Chhota Udaipur,67,14,51,2,0,0,0,0,0,,
167,GJ,Gujarat,GJ_Dahod,Dahod,103,50,52,1,0,0,0,0,0,,
187,GJ,Gujarat,GJ_Dang,Dang,7,3,4,0,0,0,0,0,0,,
166,GJ,Gujarat,GJ_Devbhumi Dwarka,Devbhumi Dwarka,28,7,18,3,0,0,0,0,0,,
168,GJ,Gujarat,GJ_Gandhinagar,Gandhinagar,773,169,573,31,0,0,0,0,0,,
169,GJ,Gujarat,GJ_Gir Somnath,Gir Somnath,98,46,51,1,0,0,0,0,0,,
170,GJ,Gujarat,GJ_Jamnagar,Jamnagar,298,132,158,8,0,0,0,0,0,,
171,GJ,Gujarat,GJ_Junagadh,Junagadh,209,139,67,3,0,0,0,0,0,,
173,GJ,Gujarat,GJ_Kheda,Kheda,231,72,145,14,0,0,0,0,0,,
172,GJ,Gujarat,GJ_Kutch,Kutch,219,92,121,6,0,0,0,0,0,,
175,GJ,Gujarat,GJ_Mahisagar,Mahisagar,165,45,118,2,0,0,0,0,0,,
174,GJ,Gujarat,GJ_Mehsana,Mehsana,359,177,168,14,0,0,0,0,0,,
176,GJ,Gujarat,GJ_Morbi,Morbi,59,36,20,3,0,0,0,0,0,,
177,GJ,Gujarat,GJ_Narmada,Narmada,100,12,88,0,0,0,0,0,0,,
178,GJ,Gujarat,GJ_Navsari,Navsari,180,95,84,1,0,0,0,0,0,,
179,GJ,Gujarat,GJ_Panchmahal,Panchmahal,221,45,161,15,0,0,0,0,0,,
180,GJ,Gujarat,GJ_Patan,Patan,258,87,154,17,0,0,0,0,0,,
181,GJ,Gujarat,GJ_Porbandar,Porbandar,21,3,16,2,0,0,0,0,0,,
182,GJ,Gujarat,GJ_Rajkot,Rajkot,509,326,166,17,0,0,0,0,0,,
183,GJ,Gujarat,GJ_Sabarkantha,Sabarkantha,219,80,131,8,0,0,0,0,0,,
184,GJ,Gujarat,GJ_Surat,Surat,6731,2271,4264,196,0,0,0,0,0,,
185,GJ,Gujarat,GJ_Surendranagar,Surendranagar,227,103,114,10,0,0,0,0,0,,
186,GJ,Gujarat,GJ_Tapi,Tapi,29,20,9,0,0,0,0,0,0,,
188,GJ,Gujarat,GJ_Vadodara,Vadodara,2768,721,1998,49,0,0,0,0,0,,
189,GJ,Gujarat,GJ_Valsad,Valsad,277,178,94,5,0,0,0,0,0,,
212,HP,Himachal Pradesh,HP_Bilaspur,Bilaspur,48,11,37,0,0,0,0,0,0,,
213,HP,Himachal Pradesh,HP_Chamba,Chamba,58,10,47,0,1,0,0,0,0,,
214,HP,Himachal Pradesh,HP_Hamirpur,Hamirpur,268,54,211,3,0,0,0,0,0,,
215,HP,Himachal Pradesh,HP_Kangra,Kangra,298,68,227,3,0,0,0,0,0,Death of Tibetan refugee on March 22 included in Kangra district's tally,
216,HP,Himachal Pradesh,HP_Kinnaur,Kinnaur,34,27,7,0,0,0,0,0,0,,
217,HP,Himachal Pradesh,HP_Kullu,Kullu,7,2,5,0,0,0,0,0,0,,
218,HP,Himachal Pradesh,HP_Lahaul and Spiti,Lahaul and Spiti,4,4,0,0,0,0,0,0,0,,
219,HP,Himachal Pradesh,HP_Mandi,Mandi,37,9,26,2,0,0,0,0,0,,
220,HP,Himachal Pradesh,HP_Shimla,Shimla,49,9,37,2,1,0,0,0,0,,
221,HP,Himachal Pradesh,HP_Sirmaur,Sirmaur,41,5,29,0,7,0,0,0,0,,
222,HP,Himachal Pradesh,HP_Solan,Solan,126,31,91,0,4,0,0,0,0,,
223,HP,Himachal Pradesh,HP_Una,Una,131,28,103,0,0,0,0,0,0,,
0,HR,Haryana,HR_Foreign Evacuees,Foreign Evacuees,21,0,21,0,0,0,0,0,0,,
190,HR,Haryana,HR_Ambala,Ambala,392,55,332,5,0,0,0,0,0,,
191,HR,Haryana,HR_Bhiwani,Bhiwani,561,137,420,4,0,0,0,0,0,,
192,HR,Haryana,HR_Charkhi Dadri,Charkhi Dadri,89,32,56,1,0,0,0,0,0,,
193,HR,Haryana,HR_Faridabad,Faridabad,4926,980,3849,97,0,0,0,0,0,,
194,HR,Haryana,HR_Fatehabad,Fatehabad,129,23,106,0,0,0,0,0,0,,
195,HR,Haryana,HR_Gurugram,Gurugram,6316,986,5228,102,0,0,0,0,0,,
196,HR,Haryana,HR_Hisar,Hisar,330,120,203,7,0,0,0,0,0,,
0,HR,Haryana,HR_Italians,Italians,14,0,14,0,0,0,0,0,0,,
197,HR,Haryana,HR_Jhajjar,Jhajjar,404,132,268,4,0,0,0,0,0,,
198,HR,Haryana,HR_Jind,Jind,135,38,93,4,0,0,0,0,0,,
199,HR,Haryana,HR_Kaithal,Kaithal,122,31,91,0,0,0,0,0,0,,
200,HR,Haryana,HR_Karnal,Karnal,434,143,283,8,0,0,0,0,0,,
201,HR,Haryana,HR_Kurukshetra,Kurukshetra,180,62,117,1,0,0,0,0,0,,
202,HR,Haryana,HR_Mahendragarh,Mahendragarh,337,91,245,1,0,0,0,0,0,,
203,HR,Haryana,HR_Nuh,Nuh,263,71,191,1,0,0,0,0,0,,
204,HR,Haryana,HR_Palwal,Palwal,386,98,285,3,0,0,0,0,0,,
205,HR,Haryana,HR_Panchkula,Panchkula,129,20,109,0,0,0,0,0,0,,
206,HR,Haryana,HR_Panipat,Panipat,288,123,158,7,0,0,0,0,0,,
207,HR,Haryana,HR_Rewari,Rewari,477,284,188,5,0,0,0,0,0,,
208,HR,Haryana,HR_Rohtak,Rohtak,829,284,533,12,0,0,0,0,0,,
209,HR,Haryana,HR_Sirsa,Sirsa,161,59,102,0,0,0,0,0,0,,
210,HR,Haryana,HR_Sonipat,Sonipat,1643,509,1114,20,0,0,0,0,0,,
211,HR,Haryana,HR_Yamunanagar,Yamunanagar,124,24,100,0,0,0,0,0,0,,
246,JH,Jharkhand,JH_Bokaro,Bokaro,55,16,37,2,0,0,0,0,0,,
247,JH,Jharkhand,JH_Chatra,Chatra,58,6,52,0,0,0,0,0,0,,
248,JH,Jharkhand,JH_Deoghar,Deoghar,55,14,41,0,0,0,0,0,0,,
249,JH,Jharkhand,JH_Dhanbad,Dhanbad,248,121,124,3,0,0,0,0,0,,
250,JH,Jharkhand,JH_Dumka,Dumka,16,9,7,0,0,0,0,0,0,,
264,JH,Jharkhand,JH_East Singhbhum,East Singhbhum,592,311,279,2,0,0,0,0,0,,
251,JH,Jharkhand,JH_Garhwa,Garhwa,113,16,97,0,0,0,0,0,0,,
252,JH,Jharkhand,JH_Giridih,Giridih,104,16,86,2,0,0,0,0,0,,
253,JH,Jharkhand,JH_Godda,Godda,11,3,8,0,0,0,0,0,0,,
254,JH,Jharkhand,JH_Gumla,Gumla,120,23,96,1,0,0,0,0,0,,
255,JH,Jharkhand,JH_Hazaribagh,Hazaribagh,213,27,183,3,0,0,0,0,0,,
256,JH,Jharkhand,JH_Jamtara,Jamtara,28,0,28,0,0,0,0,0,0,,
257,JH,Jharkhand,JH_Khunti,Khunti,33,5,27,1,0,0,0,0,0,,
258,JH,Jharkhand,JH_Koderma,Koderma,228,65,162,1,0,0,0,0,0,,
259,JH,Jharkhand,JH_Latehar,Latehar,61,8,53,0,0,0,0,0,0,,
260,JH,Jharkhand,JH_Lohardaga,Lohardaga,75,26,49,0,0,0,0,0,0,,
261,JH,Jharkhand,JH_Pakur,Pakur,42,11,31,0,0,0,0,0,0,,
262,JH,Jharkhand,JH_Palamu,Palamu,71,11,60,0,0,0,0,0,0,,
265,JH,Jharkhand,JH_Ramgarh,Ramgarh,150,27,123,0,0,0,0,0,0,,
266,JH,Jharkhand,JH_Ranchi,Ranchi,306,133,169,4,0,0,0,0,0,,
267,JH,Jharkhand,JH_Sahibganj,Sahibganj,27,20,5,2,0,0,0,0,0,,
268,JH,Jharkhand,JH_Saraikela-Kharsawan,Saraikela-Kharsawan,96,52,44,0,0,0,0,0,0,,
269,JH,Jharkhand,JH_Simdega,Simdega,359,6,352,1,0,0,0,0,0,,
263,JH,Jharkhand,JH_West Singhbhum,West Singhbhum,73,16,57,0,0,0,0,0,0,,
224,JK,Jammu and Kashmir,JK_Anantnag,Anantnag,755,160,583,12,0,0,0,0,0,,
226,JK,Jammu and Kashmir,JK_Bandipora,Bandipora,323,38,282,3,0,0,0,0,0,,
227,JK,Jammu and Kashmir,JK_Baramulla,Baramulla,1176,645,501,30,0,0,0,0,0,,
225,JK,Jammu and Kashmir,JK_Budgam,Budgam,504,201,292,11,0,0,0,0,0,,
228,JK,Jammu and Kashmir,JK_Doda,Doda,120,56,62,2,0,0,0,0,0,,
229,JK,Jammu and Kashmir,JK_Ganderbal,Ganderbal,138,59,78,1,0,0,0,0,0,,
230,JK,Jammu and Kashmir,JK_Jammu,Jammu,417,96,313,8,0,0,0,0,0,,
231,JK,Jammu and Kashmir,JK_Kathua,Kathua,261,60,200,1,0,0,0,0,0,,
232,JK,Jammu and Kashmir,JK_Kishtwar,Kishtwar,40,15,25,0,0,0,0,0,0,,
233,JK,Jammu and Kashmir,JK_Kulgam,Kulgam,928,265,646,17,0,0,0,0,0,,
234,JK,Jammu and Kashmir,JK_Kupwara,Kupwara,643,183,453,7,0,0,0,0,0,,
235,JK,Jammu and Kashmir,JK_Mirpur,Mirpur,0,0,0,0,0,0,0,0,0,,
236,JK,Jammu and Kashmir,JK_Muzaffarabad,Muzaffarabad,0,0,0,0,0,0,0,0,0,,
237,JK,Jammu and Kashmir,JK_Pulwama,Pulwama,590,313,273,4,0,0,0,0,0,,
238,JK,Jammu and Kashmir,JK_Punch,Punch,132,16,115,1,0,0,0,0,0,,
239,JK,Jammu and Kashmir,JK_Rajouri,Rajouri,171,99,71,1,0,0,0,0,0,,
240,JK,Jammu and Kashmir,JK_Ramban,Ramban,243,39,204,0,0,0,0,0,0,,
241,JK,Jammu and Kashmir,JK_Reasi,Reasi,52,17,35,0,0,0,0,0,0,,
242,JK,Jammu and Kashmir,JK_Samba,Samba,208,80,128,0,0,0,0,0,0,,
243,JK,Jammu and Kashmir,JK_Shopiyan,Shopiyan,866,223,629,14,0,0,0,0,0,,
244,JK,Jammu and Kashmir,JK_Srinagar,Srinagar,1396,895,465,36,0,0,0,0,0,,
245,JK,Jammu and Kashmir,JK_Udhampur,Udhampur,298,85,212,1,0,0,0,0,0,,
270,KA,Karnataka,KA_Bagalkote,Bagalkote,313,156,150,7,0,0,0,0,0,,
271,KA,Karnataka,KA_Ballari,Ballari,1447,780,627,40,0,0,0,0,0,,
272,KA,Karnataka,KA_Belagavi,Belagavi,441,92,342,7,0,0,0,0,0,,
274,KA,Karnataka,KA_Bengaluru Rural,Bengaluru Rural,323,270,46,7,0,0,0,0,0,,
273,KA,Karnataka,KA_Bengaluru Urban,Bengaluru Urban,12509,10102,2229,177,1,0,0,0,0,,
275,KA,Karnataka,KA_Bidar,Bidar,879,267,562,50,0,0,0,0,0,,
276,KA,Karnataka,KA_Chamarajanagara,Chamarajanagara,120,89,31,0,0,0,0,0,0,,
277,KA,Karnataka,KA_Chikkaballapura,Chikkaballapura,300,96,194,9,1,0,0,0,0,,
278,KA,Karnataka,KA_Chikkamagaluru,Chikkamagaluru,125,52,71,2,0,0,0,0,0,,
279,KA,Karnataka,KA_Chitradurga,Chitradurga,92,28,64,0,0,0,0,0,0,,
280,KA,Karnataka,KA_Dakshina Kannada,Dakshina Kannada,1534,859,650,23,2,0,0,0,0,,
281,KA,Karnataka,KA_Davanagere,Davanagere,383,46,324,13,0,0,0,0,0,,
282,KA,Karnataka,KA_Dharwad,Dharwad,757,460,277,20,0,0,0,0,0,,
283,KA,Karnataka,KA_Gadag,Gadag,237,70,163,4,0,0,0,0,0,,
284,KA,Karnataka,KA_Hassan,Hassan,593,210,370,13,0,0,0,0,0,,
285,KA,Karnataka,KA_Haveri,Haveri,213,145,66,2,0,0,0,0,0,,
286,KA,Karnataka,KA_Kalaburagi,Kalaburagi,1816,435,1351,30,0,0,0,0,0,,
287,KA,Karnataka,KA_Kodagu,Kodagu,92,76,15,1,0,0,0,0,0,,
288,KA,Karnataka,KA_Kolar,Kolar,206,114,90,2,0,0,0,0,0,,
289,KA,Karnataka,KA_Koppal,Koppal,155,67,86,2,0,0,0,0,0,,
290,KA,Karnataka,KA_Mandya,Mandya,606,225,381,0,0,0,0,0,0,,
291,KA,Karnataka,KA_Mysuru,Mysuru,587,249,324,14,0,0,0,0,0,,
0,KA,Karnataka,KA_Other State,Other State,36,1,32,3,0,0,0,0,0,,
292,KA,Karnataka,KA_Raichur,Raichur,615,167,442,6,0,0,0,0,0,,
293,KA,Karnataka,KA_Ramanagara,Ramanagara,315,192,116,7,0,0,0,0,0,,
294,KA,Karnataka,KA_Shivamogga,Shivamogga,335,190,141,4,0,0,0,0,0,,
295,KA,Karnataka,KA_Tumakuru,Tumakuru,292,214,68,10,0,0,0,0,0,,
296,KA,Karnataka,KA_Udupi,Udupi,1420,239,1178,3,0,0,0,0,0,,
297,KA,Karnataka,KA_Uttara Kannada,Uttara Kannada,489,316,172,1,0,0,0,0,0,,
298,KA,Karnataka,KA_Vijayapura,Vijayapura,620,163,444,13,0,0,0,0,0,,
299,KA,Karnataka,KA_Yadgir,Yadgir,1027,154,872,1,0,0,0,0,0,,
0,KL,Kerala,KL_Other State,Other State,0,0,0,0,0,0,0,0,0,,
300,KL,Kerala,KL_Alappuzha,Alappuzha,429,219,208,1,1,0,0,0,0,,
301,KL,Kerala,KL_Ernakulam,Ernakulam,378,197,178,2,1,0,0,0,0,,
302,KL,Kerala,KL_Idukki,Idukki,154,79,75,0,0,0,0,0,0,,
303,KL,Kerala,KL_Kannur,Kannur,641,289,347,5,0,0,0,0,0,,
304,KL,Kerala,KL_Kasaragod,Kasaragod,539,130,409,0,0,0,0,0,0,,
305,KL,Kerala,KL_Kollam,Kollam,435,165,268,2,0,0,0,0,0,,
306,KL,Kerala,KL_Kottayam,Kottayam,288,129,158,1,0,0,0,0,0,,
307,KL,Kerala,KL_Kozhikode,Kozhikode,362,142,218,2,0,0,0,0,0,,
308,KL,Kerala,KL_Malappuram,Malappuram,801,380,416,5,0,0,0,0,0,,
309,KL,Kerala,KL_Palakkad,Palakkad,698,202,494,1,1,0,0,0,0,,
310,KL,Kerala,KL_Pathanamthitta,Pathanamthitta,399,181,217,0,1,0,0,0,0,,
311,KL,Kerala,KL_Thiruvananthapuram,Thiruvananthapuram,409,217,187,5,0,0,0,0,0,,
312,KL,Kerala,KL_Thrissur,Thrissur,530,216,311,3,0,0,0,0,0,,
313,KL,Kerala,KL_Wayanad,Wayanad,133,58,74,1,0,0,0,0,0,,
314,LA,Ladakh,LA_Kargil,Kargil,714,61,653,0,0,0,0,0,0,,
315,LA,Ladakh,LA_Leh,Leh,333,97,235,1,0,0,0,0,0,,
316,LD,Lakshadweep,LD_Lakshadweep,Lakshadweep,0,0,0,0,0,0,0,0,0,,
369,MH,Maharashtra,MH_Ahmednagar,Ahmednagar,652,187,447,18,0,0,0,0,0,,
370,MH,Maharashtra,MH_Akola,Akola,1753,389,1272,91,1,0,0,0,0,,
371,MH,Maharashtra,MH_Amravati,Amravati,736,177,528,31,0,0,0,0,0,,
372,MH,Maharashtra,MH_Aurangabad,Aurangabad,7197,3598,3285,314,0,0,0,0,0,,
374,MH,Maharashtra,MH_Beed,Beed,168,63,101,4,0,0,0,0,0,,
373,MH,Maharashtra,MH_Bhandara,Bhandara,98,18,80,0,0,0,0,0,0,,
375,MH,Maharashtra,MH_Buldhana,Buldhana,367,164,190,13,0,0,0,0,0,,
376,MH,Maharashtra,MH_Chandrapur,Chandrapur,124,51,73,0,0,0,0,0,0,,
377,MH,Maharashtra,MH_Dhule,Dhule,1367,530,766,69,2,0,0,0,0,,
378,MH,Maharashtra,MH_Gadchiroli,Gadchiroli,93,28,64,1,0,0,0,0,0,,
379,MH,Maharashtra,MH_Gondia,Gondia,193,76,115,2,0,0,0,0,0,,
380,MH,Maharashtra,MH_Hingoli,Hingoli,301,40,260,1,0,0,0,0,0,,
381,MH,Maharashtra,MH_Jalgaon,Jalgaon,4846,1760,2774,312,0,0,0,0,0,,
382,MH,Maharashtra,MH_Jalna,Jalna,845,355,456,34,0,0,0,0,0,,
383,MH,Maharashtra,MH_Kolhapur,Kolhapur,1024,250,758,16,0,0,0,0,0,,
384,MH,Maharashtra,MH_Latur,Latur,532,240,265,27,0,0,0,0,0,,
385,MH,Maharashtra,MH_Mumbai,Mumbai,87856,23543,59238,5064,11,0,0,0,0,,
386,MH,Maharashtra,MH_Mumbai Suburban,Mumbai Suburban,0,0,0,0,0,0,0,0,0,,
387,MH,Maharashtra,MH_Nagpur,Nagpur,1824,474,1333,17,0,0,0,0,0,,
388,MH,Maharashtra,MH_Nanded,Nanded,455,195,242,18,0,0,0,0,0,,
389,MH,Maharashtra,MH_Nandurbar,Nandurbar,209,57,143,9,0,0,0,0,0,,
390,MH,Maharashtra,MH_Nashik,Nashik,6017,2414,3343,260,0,0,0,0,0,,
391,MH,Maharashtra,MH_Osmanabad,Osmanabad,309,93,202,14,0,0,0,0,0,,
0,MH,Maharashtra,MH_Other State,Other State,153,127,0,26,0,0,0,0,0,,
392,MH,Maharashtra,MH_Palghar,Palghar,8304,4357,3794,153,0,0,0,0,0,,
393,MH,Maharashtra,MH_Parbhani,Parbhani,142,46,92,4,0,0,0,0,0,,
394,MH,Maharashtra,MH_Pune,Pune,31704,15932,14810,962,0,0,0,0,0,,
395,MH,Maharashtra,MH_Raigad,Raigad,6685,3299,3259,125,2,0,0,0,0,,
396,MH,Maharashtra,MH_Ratnagiri,Ratnagiri,799,250,521,28,0,0,0,0,0,,
397,MH,Maharashtra,MH_Sangli,Sangli,501,220,268,13,0,0,0,0,0,,
398,MH,Maharashtra,MH_Satara,Satara,1460,541,857,61,1,0,0,0,0,,
399,MH,Maharashtra,MH_Sindhudurg,Sindhudurg,249,48,196,5,0,0,0,0,0,,
400,MH,Maharashtra,MH_Solapur,Solapur,3492,1323,1847,321,1,0,0,0,0,,
401,MH,Maharashtra,MH_Thane,Thane,52733,30063,21252,1417,1,0,0,0,0,,
402,MH,Maharashtra,MH_Wardha,Wardha,26,12,13,1,0,0,0,0,0,,
403,MH,Maharashtra,MH_Washim,Washim,143,45,95,3,0,0,0,0,0,,
404,MH,Maharashtra,MH_Yavatmal,Yavatmal,367,100,253,14,0,0,0,0,0,,
421,ML,Meghalaya,ML_East Garo Hills,East Garo Hills,0,0,0,0,0,0,0,0,0,,
422,ML,Meghalaya,ML_East Jaintia Hills,East Jaintia Hills,1,1,0,0,0,0,0,0,0,,
423,ML,Meghalaya,ML_East Khasi Hills,East Khasi Hills,59,41,17,1,0,0,0,0,0,,
424,ML,Meghalaya,ML_North Garo Hills,North Garo Hills,1,0,1,0,0,0,0,0,0,,
425,ML,Meghalaya,ML_Ribhoi,Ribhoi,16,16,0,0,0,0,0,0,0,,
426,ML,Meghalaya,ML_South Garo Hills,South Garo Hills,0,0,0,0,0,0,0,0,0,,
427,ML,Meghalaya,ML_South West Garo Hills,South West Garo Hills,7,1,6,0,0,0,0,0,0,,
428,ML,Meghalaya,ML_South West Khasi Hills,South West Khasi Hills,0,0,0,0,0,0,0,0,0,,
429,ML,Meghalaya,ML_West Garo Hills,West Garo Hills,8,4,4,0,0,0,0,0,0,,
430,ML,Meghalaya,ML_West Jaintia Hills,West Jaintia Hills,5,0,5,0,0,0,0,0,0,,
431,ML,Meghalaya,ML_West Khasi Hills,West Khasi Hills,1,1,0,0,0,0,0,0,0,,
405,MN,Manipur,MN_Bishnupur,Bishnupur,81,24,57,0,0,0,0,0,0,,
406,MN,Manipur,MN_Chandel,Chandel,38,34,4,0,0,0,0,0,0,,
407,MN,Manipur,MN_Churachandpur,Churachandpur,141,86,55,0,0,0,0,0,0,,
408,MN,Manipur,MN_Imphal East,Imphal East,46,30,16,0,0,0,0,0,0,,
409,MN,Manipur,MN_Imphal West,Imphal West,97,45,52,0,0,0,0,0,0,,
410,MN,Manipur,MN_Jiribam,Jiribam,46,44,2,0,0,0,0,0,0,,
411,MN,Manipur,MN_Kakching,Kakching,95,70,25,0,0,0,0,0,0,,
412,MN,Manipur,MN_Kamjong,Kamjong,95,78,17,0,0,0,0,0,0,,
413,MN,Manipur,MN_Kangpokpi,Kangpokpi,160,142,18,0,0,0,0,0,0,,
414,MN,Manipur,MN_Noney,Noney,25,8,17,0,0,0,0,0,0,,
415,MN,Manipur,MN_Pherzawl,Pherzawl,32,29,3,0,0,0,0,0,0,,
416,MN,Manipur,MN_Senapati,Senapati,163,153,10,0,0,0,0,0,0,,
417,MN,Manipur,MN_Tamenglong,Tamenglong,180,155,25,0,0,0,0,0,0,,
418,MN,Manipur,MN_Tengnoupal,Tengnoupal,14,1,13,0,0,0,0,0,0,,
419,MN,Manipur,MN_Thoubal,Thoubal,59,36,23,0,0,0,0,0,0,,
420,MN,Manipur,MN_Ukhrul,Ukhrul,163,146,17,0,0,0,0,0,0,,
317,MP,Madhya Pradesh,MP_Agar Malwa,Agar Malwa,19,3,14,2,0,0,0,0,0,,
318,MP,Madhya Pradesh,MP_Alirajpur,Alirajpur,9,5,4,0,0,0,0,0,0,,
319,MP,Madhya Pradesh,MP_Anuppur,Anuppur,29,0,29,0,0,0,0,0,0,,
320,MP,Madhya Pradesh,MP_Ashoknagar,Ashoknagar,55,12,42,1,0,0,0,0,0,,
321,MP,Madhya Pradesh,MP_Balaghat,Balaghat,42,17,25,0,0,0,0,0,0,,
322,MP,Madhya Pradesh,MP_Barwani,Barwani,153,37,112,4,0,0,0,0,0,,
323,MP,Madhya Pradesh,MP_Betul,Betul,87,34,53,0,0,0,0,0,0,,
324,MP,Madhya Pradesh,MP_Bhind,Bhind,313,89,224,0,0,0,0,0,0,,
325,MP,Madhya Pradesh,MP_Bhopal,Bhopal,3225,596,2514,115,0,0,0,0,0,,
326,MP,Madhya Pradesh,MP_Burhanpur,Burhanpur,416,17,376,23,0,0,0,0,0,,
327,MP,Madhya Pradesh,MP_Chhatarpur,Chhatarpur,60,5,55,0,0,0,0,0,0,,
328,MP,Madhya Pradesh,MP_Chhindwara,Chhindwara,69,29,38,2,0,0,0,0,0,,
329,MP,Madhya Pradesh,MP_Damoh,Damoh,53,19,34,0,0,0,0,0,0,,
330,MP,Madhya Pradesh,MP_Datia,Datia,53,10,42,1,0,0,0,0,0,,
331,MP,Madhya Pradesh,MP_Dewas,Dewas,242,37,195,10,0,0,0,0,0,,
332,MP,Madhya Pradesh,MP_Dhar,Dhar,189,16,165,8,0,0,0,0,0,,
333,MP,Madhya Pradesh,MP_Dindori,Dindori,31,1,30,0,0,0,0,0,0,,
335,MP,Madhya Pradesh,MP_Guna,Guna,28,13,13,2,0,0,0,0,0,,
336,MP,Madhya Pradesh,MP_Gwalior,Gwalior,712,357,352,3,0,0,0,0,0,,
337,MP,Madhya Pradesh,MP_Harda,Harda,58,27,28,3,0,0,0,0,0,,
338,MP,Madhya Pradesh,MP_Hoshangabad,Hoshangabad,44,2,38,4,0,0,0,0,0,,
339,MP,Madhya Pradesh,MP_Indore,Indore,4998,875,3871,252,0,0,0,0,0,,
340,MP,Madhya Pradesh,MP_Jabalpur,Jabalpur,462,80,368,14,0,0,0,0,0,,
341,MP,Madhya Pradesh,MP_Jhabua,Jhabua,28,12,15,1,0,0,0,0,0,,
342,MP,Madhya Pradesh,MP_Katni,Katni,27,8,16,3,0,0,0,0,0,,
334,MP,Madhya Pradesh,MP_Khandwa,Khandwa,367,67,283,17,0,0,0,0,0,,
368,MP,Madhya Pradesh,MP_Khargone,Khargone,333,46,272,15,0,0,0,0,0,,
343,MP,Madhya Pradesh,MP_Mandla,Mandla,6,0,5,1,0,0,0,0,0,,
344,MP,Madhya Pradesh,MP_Mandsaur,Mandsaur,145,33,103,9,0,0,0,0,0,,
345,MP,Madhya Pradesh,MP_Morena,Morena,833,496,332,5,0,0,0,0,0,,
346,MP,Madhya Pradesh,MP_Narsinghpur,Narsinghpur,35,5,30,0,0,0,0,0,0,,
347,MP,Madhya Pradesh,MP_Neemuch,Neemuch,470,27,435,8,0,0,0,0,0,,
348,MP,Madhya Pradesh,MP_Niwari,Niwari,11,3,8,0,0,0,0,0,0,,
0,MP,Madhya Pradesh,MP_Other Region,Other Region,0,0,0,0,0,0,0,0,0,,
349,MP,Madhya Pradesh,MP_Panna,Panna,57,23,34,0,0,0,0,0,0,,
350,MP,Madhya Pradesh,MP_Raisen,Raisen,113,3,105,5,0,0,0,0,0,,
351,MP,Madhya Pradesh,MP_Rajgarh,Rajgarh,106,30,70,6,0,0,0,0,0,,
352,MP,Madhya Pradesh,MP_Ratlam,Ratlam,195,34,155,6,0,0,0,0,0,,
353,MP,Madhya Pradesh,MP_Rewa,Rewa,68,14,53,1,0,0,0,0,0,,
354,MP,Madhya Pradesh,MP_Sagar,Sagar,423,74,327,22,0,0,0,0,0,,
355,MP,Madhya Pradesh,MP_Satna,Satna,46,16,28,2,0,0,0,0,0,,
356,MP,Madhya Pradesh,MP_Sehore,Sehore,35,22,11,2,0,0,0,0,0,,
357,MP,Madhya Pradesh,MP_Seoni,Seoni,17,4,13,0,0,0,0,0,0,,
358,MP,Madhya Pradesh,MP_Shahdol,Shahdol,24,2,22,0,0,0,0,0,0,,
359,MP,Madhya Pradesh,MP_Shajapur,Shajapur,75,18,54,3,0,0,0,0,0,,
360,MP,Madhya Pradesh,MP_Sheopur,Sheopur,93,23,68,2,0,0,0,0,0,,
361,MP,Madhya Pradesh,MP_Shivpuri,Shivpuri,98,62,36,0,0,0,0,0,0,,
362,MP,Madhya Pradesh,MP_Sidhi,Sidhi,27,8,18,1,0,0,0,0,0,,
363,MP,Madhya Pradesh,MP_Singrauli,Singrauli,27,13,14,0,0,0,0,0,0,,
364,MP,Madhya Pradesh,MP_Tikamgarh,Tikamgarh,80,49,27,4,0,0,0,0,0,,
365,MP,Madhya Pradesh,MP_Ujjain,Ujjain,871,20,780,71,0,0,0,0,0,,
366,MP,Madhya Pradesh,MP_Umaria,Umaria,11,1,9,1,0,0,0,0,0,,
367,MP,Madhya Pradesh,MP_Vidisha,Vidisha,68,26,42,0,0,0,0,0,0,,
432,MZ,Mizoram,MZ_Aizawl,Aizawl,58,23,35,0,0,0,0,0,0,,
433,MZ,Mizoram,MZ_Champhai,Champhai,10,2,8,0,0,0,0,0,0,,
729,MZ,Mizoram,MZ_Hnahthial,Hnahthial,0,0,0,0,0,0,0,0,0,,
730,MZ,Mizoram,MZ_Khawzawl,Khawzawl,3,0,3,0,0,0,0,0,0,,
434,MZ,Mizoram,MZ_Kolasib,Kolasib,12,1,11,0,0,0,0,0,0,,
435,MZ,Mizoram,MZ_Lawngtlai,Lawngtlai,12,4,8,0,0,0,0,0,0,,
436,MZ,Mizoram,MZ_Lunglei,Lunglei,57,10,47,0,0,0,0,0,0,,
437,MZ,Mizoram,MZ_Mamit,Mamit,20,4,16,0,0,0,0,0,0,,
438,MZ,Mizoram,MZ_Saiha,Saiha,23,14,9,0,0,0,0,0,0,,
728,MZ,Mizoram,MZ_Saitual,Saitual,3,0,3,0,0,0,0,0,0,,
439,MZ,Mizoram,MZ_Serchhip,Serchhip,5,2,3,0,0,0,0,0,0,,
0,NL,Nagaland,NL_Others,Others,46,46,0,0,0,0,0,0,0,,
440,NL,Nagaland,NL_Dimapur,Dimapur,123,94,29,0,0,0,0,0,0,,
441,NL,Nagaland,NL_Kiphire,Kiphire,4,4,0,0,0,0,0,0,0,,
442,NL,Nagaland,NL_Kohima,Kohima,54,40,14,0,0,0,0,0,0,,
443,NL,Nagaland,NL_Longleng,Longleng,2,2,0,0,0,0,0,0,0,,
444,NL,Nagaland,NL_Mokokchung,Mokokchung,3,3,0,0,0,0,0,0,0,,
445,NL,Nagaland,NL_Mon,Mon,98,98,0,0,0,0,0,0,0,,
446,NL,Nagaland,NL_Peren,Peren,260,244,16,0,0,0,0,0,0,,
447,NL,Nagaland,NL_Phek,Phek,13,12,1,0,0,3,3,0,0,,
448,NL,Nagaland,NL_Tuensang,Tuensang,41,41,0,0,0,0,0,0,0,,
449,NL,Nagaland,NL_Wokha,Wokha,10,10,0,0,0,0,0,0,0,,
450,NL,Nagaland,NL_Zunheboto,Zunheboto,6,6,0,0,0,0,0,0,0,,
0,OR,Odisha,OR_Others,Others,0,0,0,0,0,0,0,0,0,Includes NDRF-ODRF returnees after West Bengal Amphan duty,
451,OR,Odisha,OR_Angul,Angul,119,49,69,1,0,7,7,0,0,,
452,OR,Odisha,OR_Balangir,Balangir,248,81,167,0,0,0,0,0,0,,
453,OR,Odisha,OR_Balasore,Balasore,496,148,346,2,0,30,30,0,0,,
454,OR,Odisha,OR_Bargarh,Bargarh,167,66,100,1,0,0,0,0,0,,
456,OR,Odisha,OR_Bhadrak,Bhadrak,278,37,239,2,0,2,0,0,2,,
455,OR,Odisha,OR_Boudh,Boudh,50,9,41,0,0,5,5,0,0,,
457,OR,Odisha,OR_Cuttack,Cuttack,886,308,570,8,0,14,14,0,0,,
458,OR,Odisha,OR_Deogarh,Deogarh,62,20,42,0,0,0,0,0,0,,
459,OR,Odisha,OR_Dhenkanal,Dhenkanal,91,16,75,0,0,4,4,0,0,,
460,OR,Odisha,OR_Gajapati,Gajapati,538,175,362,1,0,17,17,0,0,,
461,OR,Odisha,OR_Ganjam,Ganjam,3096,1458,1607,31,0,260,257,0,3,,
462,OR,Odisha,OR_Jagatsinghpur,Jagatsinghpur,368,96,272,0,0,7,7,0,0,,
463,OR,Odisha,OR_Jajpur,Jajpur,673,216,456,1,0,9,9,0,0,,
464,OR,Odisha,OR_Jharsuguda,Jharsuguda,134,23,111,0,0,1,1,0,0,,
465,OR,Odisha,OR_Kalahandi,Kalahandi,79,8,71,0,0,0,0,0,0,,
466,OR,Odisha,OR_Kandhamal,Kandhamal,191,13,178,0,0,1,1,0,0,,
467,OR,Odisha,OR_Kendrapara,Kendrapara,285,39,245,1,0,3,3,0,0,,
468,OR,Odisha,OR_Kendujhar,Kendujhar,246,110,135,1,0,48,47,0,1,,
469,OR,Odisha,OR_Khordha,Khordha,1135,323,801,11,0,56,56,0,0,,
470,OR,Odisha,OR_Koraput,Koraput,79,50,29,0,0,6,6,0,0,,
471,OR,Odisha,OR_Malkangiri,Malkangiri,116,55,61,0,0,1,1,0,0,,
472,OR,Odisha,OR_Mayurbhanj,Mayurbhanj,305,103,200,2,0,14,14,0,0,,
473,OR,Odisha,OR_Nabarangapur,Nabarangapur,89,47,41,1,0,0,0,0,0,,
474,OR,Odisha,OR_Nayagarh,Nayagarh,212,60,152,0,0,1,1,0,0,,
475,OR,Odisha,OR_Nuapada,Nuapada,86,4,82,0,0,0,0,0,0,,
476,OR,Odisha,OR_Puri,Puri,327,81,244,2,0,5,5,0,0,,
477,OR,Odisha,OR_Rayagada,Rayagada,139,100,38,1,0,0,0,0,0,,
478,OR,Odisha,OR_Sambalpur,Sambalpur,108,58,50,0,0,3,3,0,0,,
479,OR,Odisha,OR_Subarnapur,Subarnapur,44,7,37,0,0,0,0,0,0,,
480,OR,Odisha,OR_Sundargarh,Sundargarh,554,368,185,1,0,83,83,0,0,,
485,PB,Punjab,PB_Amritsar,Amritsar,987,198,740,49,0,0,0,0,0,,
486,PB,Punjab,PB_Barnala,Barnala,71,25,44,2,0,0,0,0,0,,
487,PB,Punjab,PB_Bathinda,Bathinda,122,32,87,3,0,0,0,0,0,,
488,PB,Punjab,PB_Faridkot,Faridkot,146,45,101,0,0,0,0,0,0,,
489,PB,Punjab,PB_Fatehgarh Sahib,Fatehgarh Sahib,131,16,114,1,0,0,0,0,0,,
490,PB,Punjab,PB_Fazilka,Fazilka,102,12,90,0,0,0,0,0,0,,
491,PB,Punjab,PB_Ferozepur,Ferozepur,131,43,85,3,0,0,0,0,0,,
492,PB,Punjab,PB_Gurdaspur,Gurdaspur,271,46,218,7,0,0,0,0,0,,
493,PB,Punjab,PB_Hoshiarpur,Hoshiarpur,187,9,171,7,0,0,0,0,0,,
494,PB,Punjab,PB_Jalandhar,Jalandhar,1016,318,676,22,0,0,0,0,0,,
495,PB,Punjab,PB_Kapurthala,Kapurthala,121,28,88,5,0,0,0,0,0,,
496,PB,Punjab,PB_Ludhiana,Ludhiana,1194,554,611,29,0,0,0,0,0,,
497,PB,Punjab,PB_Mansa,Mansa,53,8,45,0,0,0,0,0,0,,
498,PB,Punjab,PB_Moga,Moga,134,37,93,4,0,0,0,0,0,,
499,PB,Punjab,PB_Pathankot,Pathankot,238,32,200,6,0,0,0,0,0,,
500,PB,Punjab,PB_Patiala,Patiala,444,231,203,10,0,0,0,0,0,,
501,PB,Punjab,PB_Rupnagar,Rupnagar,118,11,106,1,0,0,0,0,0,,
502,PB,Punjab,PB_S.A.S. Nagar,S.A.S. Nagar,325,73,246,6,0,0,0,0,0,,
503,PB,Punjab,PB_Sangrur,Sangrur,593,118,459,16,0,0,0,0,0,,
504,PB,Punjab,PB_Shahid Bhagat Singh Nagar,Shahid Bhagat Singh Nagar,175,34,140,1,0,0,0,0,0,,
505,PB,Punjab,PB_Sri Muktsar Sahib,Sri Muktsar Sahib,140,13,126,1,0,0,0,0,0,,
506,PB,Punjab,PB_Tarn Taran,Tarn Taran,208,18,185,5,0,0,0,0,0,,
481,PY,Puducherry,PY_Karaikal,Karaikal,71,33,38,0,0,0,0,0,0,,
482,PY,Puducherry,PY_Mahe,Mahe,20,2,18,0,0,0,-5,5,0,,
483,PY,Puducherry,PY_Puducherry,Puducherry,1089,510,563,16,0,49,17,30,2,"21 cases(16 of TN, 1 of AP & 4 other) have been transferred,so have been reduced from the total count",
484,PY,Puducherry,PY_Yanam,Yanam,20,20,0,0,0,0,0,0,0,"2 cases of AP have been transferred,so have been reduced from the total count",
507,RJ,Rajasthan,RJ_Ajmer,Ajmer,670,152,496,22,0,20,20,0,0,,
508,RJ,Rajasthan,RJ_Alwar,Alwar,944,569,369,6,0,21,21,0,0,,
509,RJ,Rajasthan,RJ_Banswara,Banswara,100,1,97,2,0,0,0,0,0,,
510,RJ,Rajasthan,RJ_Baran,Baran,74,10,60,4,0,3,3,0,0,,
511,RJ,Rajasthan,RJ_Barmer,Barmer,541,187,350,4,0,0,0,0,0,,
512,RJ,Rajasthan,RJ_Bharatpur,Bharatpur,1892,252,1600,40,0,16,5,11,0,,
513,RJ,Rajasthan,RJ_Bhilwara,Bhilwara,283,24,253,6,0,0,0,0,0,,
514,RJ,Rajasthan,RJ_Bikaner,Bikaner,692,435,239,18,0,13,13,0,0,,
0,RJ,Rajasthan,RJ_BSF Camp,BSF Camp,54,4,50,0,0,0,0,0,0,,
515,RJ,Rajasthan,RJ_Bundi,Bundi,16,2,14,0,0,0,0,0,0,,
516,RJ,Rajasthan,RJ_Chittorgarh,Chittorgarh,213,3,204,6,0,0,0,0,0,,
517,RJ,Rajasthan,RJ_Churu,Churu,341,13,326,2,0,0,0,0,0,,
518,RJ,Rajasthan,RJ_Dausa,Dausa,207,48,155,4,0,11,11,0,0,,
519,RJ,Rajasthan,RJ_Dholpur,Dholpur,802,141,650,11,0,0,0,0,0,,
520,RJ,Rajasthan,RJ_Dungarpur,Dungarpur,479,47,431,1,0,0,0,0,0,,
0,RJ,Rajasthan,RJ_Evacuees,Evacuees,61,0,61,0,0,0,0,0,0,,
521,RJ,Rajasthan,RJ_Ganganagar,Ganganagar,65,18,44,3,0,0,0,0,0,,
522,RJ,Rajasthan,RJ_Hanumangarh,Hanumangarh,112,50,62,0,0,0,0,0,0,,
0,RJ,Rajasthan,RJ_Italians,Italians,2,0,2,0,0,0,0,0,0,,
523,RJ,Rajasthan,RJ_Jaipur,Jaipur,3736,593,2974,169,0,25,25,0,0,,
524,RJ,Rajasthan,RJ_Jaisalmer,Jaisalmer,118,11,107,0,0,0,0,0,0,,
525,RJ,Rajasthan,RJ_Jalore,Jalore,503,224,276,3,0,0,0,0,0,,
526,RJ,Rajasthan,RJ_Jhalawar,Jhalawar,379,4,375,0,0,0,0,0,0,,
527,RJ,Rajasthan,RJ_Jhunjhunu,Jhunjhunu,439,62,374,3,0,8,8,0,0,,
528,RJ,Rajasthan,RJ_Jodhpur,Jodhpur,3356,700,2592,64,0,0,-2,0,2,,
529,RJ,Rajasthan,RJ_Karauli,Karauli,115,10,101,4,0,0,0,0,0,,
530,RJ,Rajasthan,RJ_Kota,Kota,769,125,618,26,0,2,2,0,0,,
531,RJ,Rajasthan,RJ_Nagaur,Nagaur,845,225,605,15,0,29,28,0,1,,
0,RJ,Rajasthan,RJ_Other State,Other State,153,81,41,31,0,0,0,0,0,,
532,RJ,Rajasthan,RJ_Pali,Pali,1335,230,1090,15,0,0,-3,0,3,,
533,RJ,Rajasthan,RJ_Pratapgarh,Pratapgarh,141,126,14,1,0,0,0,0,0,,
534,RJ,Rajasthan,RJ_Rajsamand,Rajsamand,348,105,242,1,0,0,0,0,0,,
535,RJ,Rajasthan,RJ_Sawai Madhopur,Sawai Madhopur,118,17,93,8,0,0,0,0,0,,
536,RJ,Rajasthan,RJ_Sikar,Sikar,661,76,578,7,0,0,0,0,0,,
537,RJ,Rajasthan,RJ_Sirohi,Sirohi,624,172,445,7,0,0,0,0,0,,
538,RJ,Rajasthan,RJ_Tonk,Tonk,212,12,199,1,0,1,1,0,0,,
539,RJ,Rajasthan,RJ_Udaipur,Udaipur,812,117,690,5,0,0,-1,0,1,,
540,SK,Sikkim,SK_East Sikkim,East Sikkim,71,35,23,0,13,0,0,0,0,,
541,SK,Sikkim,SK_North Sikkim,North Sikkim,1,0,1,0,0,0,0,0,0,,
542,SK,Sikkim,SK_South Sikkim,South Sikkim,38,12,26,0,0,0,0,0,0,,
543,SK,Sikkim,SK_West Sikkim,West Sikkim,21,10,11,0,0,0,0,0,0,,
0,TG,Telangana,TG_Foreign Evacuees,Foreign Evacuees,33,33,0,0,0,0,0,0,0,,
0,TG,Telangana,TG_Other State,Other State,250,250,0,0,0,0,0,0,0,,
576,TG,Telangana,TG_Adilabad,Adilabad,52,37,15,0,0,0,0,0,0,,
577,TG,Telangana,TG_Bhadradri Kothagudem,Bhadradri Kothagudem,51,47,4,0,0,0,0,0,0,,
578,TG,Telangana,TG_Hyderabad,Hyderabad,23358,23030,305,23,0,0,0,0,0,,
579,TG,Telangana,TG_Jagtial,Jagtial,43,41,2,0,0,0,0,0,0,,
580,TG,Telangana,TG_Jangaon,Jangaon,87,86,1,0,0,0,0,0,0,,
581,TG,Telangana,TG_Jayashankar Bhupalapally,Jayashankar Bhupalapally,19,19,0,0,0,0,0,0,0,,
582,TG,Telangana,TG_Jogulamba Gadwal,Jogulamba Gadwal,61,35,25,1,0,0,0,0,0,,
583,TG,Telangana,TG_Kamareddy,Kamareddy,62,54,8,0,0,0,0,0,0,,
584,TG,Telangana,TG_Karimnagar,Karimnagar,180,164,16,0,0,0,0,0,0,,
585,TG,Telangana,TG_Khammam,Khammam,100,97,3,0,0,0,0,0,0,,
586,TG,Telangana,TG_Komaram Bheem,Komaram Bheem,27,25,2,0,0,0,0,0,0,,
587,TG,Telangana,TG_Mahabubabad,Mahabubabad,48,47,1,0,0,0,0,0,0,,
588,TG,Telangana,TG_Mahabubnagar,Mahabubnagar,139,131,8,0,0,0,0,0,0,,
589,TG,Telangana,TG_Mancherial,Mancherial,88,87,0,1,0,0,0,0,0,,
590,TG,Telangana,TG_Medak,Medak,103,99,4,0,0,0,0,0,0,,
591,TG,Telangana,TG_Medchal Malkajgiri,Medchal Malkajgiri,1133,1123,9,1,0,0,0,0,0,,
592,TG,Telangana,TG_Mulugu,Mulugu,35,33,2,0,0,0,0,0,0,,
593,TG,Telangana,TG_Nagarkurnool,Nagarkurnool,30,28,2,0,0,0,0,0,0,,
594,TG,Telangana,TG_Nalgonda,Nalgonda,180,168,12,0,0,0,0,0,0,,
595,TG,Telangana,TG_Narayanpet,Narayanpet,8,7,0,1,0,0,0,0,0,,
596,TG,Telangana,TG_Nirmal,Nirmal,39,26,13,0,0,0,0,0,0,,
597,TG,Telangana,TG_Nizamabad,Nizamabad,164,134,30,0,0,0,0,0,0,,
598,TG,Telangana,TG_Peddapalli,Peddapalli,24,23,1,0,0,0,0,0,0,,
599,TG,Telangana,TG_Rajanna Sircilla,Rajanna Sircilla,55,53,2,0,0,0,0,0,0,,
600,TG,Telangana,TG_Ranga Reddy,Ranga Reddy,1835,1816,17,2,0,0,0,0,0,,
601,TG,Telangana,TG_Sangareddy,Sangareddy,229,223,6,0,0,0,0,0,0,,
602,TG,Telangana,TG_Siddipet,Siddipet,36,35,1,0,0,0,0,0,0,,
603,TG,Telangana,TG_Suryapet,Suryapet,142,118,24,0,0,0,0,0,0,,
604,TG,Telangana,TG_Vikarabad,Vikarabad,73,57,15,1,0,0,0,0,0,,
605,TG,Telangana,TG_Wanaparthy,Wanaparthy,25,25,0,0,0,0,0,0,0,,
606,TG,Telangana,TG_Warangal Rural,Warangal Rural,152,152,0,0,0,0,0,0,0,,
607,TG,Telangana,TG_Warangal Urban,Warangal Urban,189,166,23,0,0,0,0,0,0,,
608,TG,Telangana,TG_Yadadri Bhuvanagiri,Yadadri Bhuvanagiri,30,30,0,0,0,0,0,0,0,,
0,TN,Tamil Nadu,TN_Railway Quarantine,Railway Quarantine,421,97,324,0,0,0,0,0,0,,
0,TN,Tamil Nadu,TN_Airport Quarantine,Airport Quarantine,855,445,409,1,0,0,0,0,0,,
0,TN,Tamil Nadu,TN_Other State,Other State,0,-3,0,3,0,0,0,0,0,,
544,TN,Tamil Nadu,TN_Ariyalur,Ariyalur,487,30,457,0,0,0,0,0,0,,
732,TN,Tamil Nadu,TN_Chengalpattu,Chengalpattu,7215,3032,4045,138,0,0,0,0,0,,
545,TN,Tamil Nadu,TN_Chennai,Chennai,72500,21770,49587,1143,0,0,0,0,0,,
546,TN,Tamil Nadu,TN_Coimbatore,Coimbatore,927,616,308,3,0,0,0,0,0,,
547,TN,Tamil Nadu,TN_Cuddalore,Cuddalore,1413,440,968,5,0,0,0,0,0,,
548,TN,Tamil Nadu,TN_Dharmapuri,Dharmapuri,156,86,69,1,0,0,0,0,0,,
549,TN,Tamil Nadu,TN_Dindigul,Dindigul,739,321,410,8,0,0,0,0,0,,
550,TN,Tamil Nadu,TN_Erode,Erode,296,206,85,5,0,0,0,0,0,,
734,TN,Tamil Nadu,TN_Kallakurichi,Kallakurichi,1285,544,737,4,0,0,0,0,0,,
551,TN,Tamil Nadu,TN_Kancheepuram,Kancheepuram,2970,1755,1177,38,0,0,0,0,0,,
552,TN,Tamil Nadu,TN_Kanyakumari,Kanyakumari,872,532,336,4,0,0,0,0,0,,
553,TN,Tamil Nadu,TN_Karur,Karur,182,49,130,3,0,0,0,0,0,,
554,TN,Tamil Nadu,TN_Krishnagiri,Krishnagiri,217,131,83,3,0,0,0,0,0,,
555,TN,Tamil Nadu,TN_Madurai,Madurai,5057,3811,1160,86,0,0,0,0,0,,
556,TN,Tamil Nadu,TN_Nagapattinam,Nagapattinam,325,162,163,0,0,0,0,0,0,,
557,TN,Tamil Nadu,TN_Namakkal,Namakkal,130,38,91,1,0,0,0,0,0,,
564,TN,Tamil Nadu,TN_Nilgiris,Nilgiris,160,111,49,0,0,0,0,0,0,,
558,TN,Tamil Nadu,TN_Perambalur,Perambalur,173,15,158,0,0,0,0,0,0,,
559,TN,Tamil Nadu,TN_Pudukkottai,Pudukkottai,449,256,186,7,0,0,0,0,0,,
560,TN,Tamil Nadu,TN_Ramanathapuram,Ramanathapuram,1544,975,546,23,0,0,0,0,0,,
733,TN,Tamil Nadu,TN_Ranipet,Ranipet,1325,654,661,10,0,0,0,0,0,,
561,TN,Tamil Nadu,TN_Salem,Salem,1409,827,576,6,0,0,0,0,0,,
562,TN,Tamil Nadu,TN_Sivaganga,Sivaganga,611,254,348,9,0,0,0,0,0,,
731,TN,Tamil Nadu,TN_Tenkasi,Tenkasi,558,258,299,1,0,0,0,0,0,,
563,TN,Tamil Nadu,TN_Thanjavur,Thanjavur,544,170,371,3,0,0,0,0,0,,
565,TN,Tamil Nadu,TN_Theni,Theni,1297,847,439,11,0,0,0,0,0,,
566,TN,Tamil Nadu,TN_Thiruvallur,Thiruvallur,5507,1939,3457,111,0,0,0,0,0,,
567,TN,Tamil Nadu,TN_Thiruvarur,Thiruvarur,614,228,386,0,0,0,0,0,0,,
568,TN,Tamil Nadu,TN_Thoothukkudi,Thoothukkudi,1558,629,923,6,0,0,0,0,0,,
569,TN,Tamil Nadu,TN_Tiruchirappalli,Tiruchirappalli,1077,432,639,6,0,0,0,0,0,,
570,TN,Tamil Nadu,TN_Tirunelveli,Tirunelveli,1300,589,702,9,0,0,0,0,0,,
735,TN,Tamil Nadu,TN_Tirupathur,Tirupathur,332,177,155,0,0,0,0,0,0,,
571,TN,Tamil Nadu,TN_Tiruppur,Tiruppur,262,112,150,0,0,0,0,0,0,,
572,TN,Tamil Nadu,TN_Tiruvannamalai,Tiruvannamalai,2688,1267,1403,18,0,0,0,0,0,,
573,TN,Tamil Nadu,TN_Vellore,Vellore,2258,1434,818,6,0,0,0,0,0,,
574,TN,Tamil Nadu,TN_Viluppuram,Viluppuram,1339,561,760,18,0,0,0,0,0,,
575,TN,Tamil Nadu,TN_Virudhunagar,Virudhunagar,1298,686,602,10,0,0,0,0,0,,
609,TR,Tripura,TR_Dhalai,Dhalai,249,36,213,0,0,0,0,0,0,,
610,TR,Tripura,TR_Gomati,Gomati,250,116,133,0,1,0,0,0,0,,
611,TR,Tripura,TR_Khowai,Khowai,135,72,63,0,0,0,0,0,0,,
612,TR,Tripura,TR_North Tripura,North Tripura,67,38,23,0,6,0,0,0,0,,
613,TR,Tripura,TR_Sipahijala,Sipahijala,609,54,555,0,0,0,0,0,0,,
614,TR,Tripura,TR_South Tripura,South Tripura,143,22,120,0,1,0,0,0,0,,
615,TR,Tripura,TR_Unokoti,Unokoti,80,11,69,0,0,0,0,0,0,,
616,TR,Tripura,TR_West Tripura,West Tripura,240,86,148,1,5,0,0,0,0,,
617,UP,Uttar Pradesh,UP_Agra,Agra,1334,144,1097,93,0,0,0,0,0,,
618,UP,Uttar Pradesh,UP_Aligarh,Aligarh,656,270,362,24,0,0,0,0,0,,
619,UP,Uttar Pradesh,UP_Ambedkar Nagar,Ambedkar Nagar,139,29,106,4,0,0,0,0,0,,
620,UP,Uttar Pradesh,UP_Amethi,Amethi,309,28,280,1,0,0,0,0,0,,
621,UP,Uttar Pradesh,UP_Amroha,Amroha,172,67,100,5,0,0,0,0,0,,
622,UP,Uttar Pradesh,UP_Auraiya,Auraiya,114,14,98,2,0,0,0,0,0,,
765,UP,Uttar Pradesh,UP_Ayodhya,Ayodhya,341,83,254,4,0,0,0,0,0,,
623,UP,Uttar Pradesh,UP_Azamgarh,Azamgarh,320,102,211,7,0,0,0,0,0,,
624,UP,Uttar Pradesh,UP_Baghpat,Baghpat,413,149,257,7,0,0,0,0,0,,
625,UP,Uttar Pradesh,UP_Bahraich,Bahraich,144,20,123,1,0,0,0,0,0,,
626,UP,Uttar Pradesh,UP_Ballia,Ballia,247,133,112,2,0,0,0,0,0,,
627,UP,Uttar Pradesh,UP_Balrampur,Balrampur,101,40,59,2,0,0,0,0,0,,
628,UP,Uttar Pradesh,UP_Banda,Banda,66,27,39,0,0,0,0,0,0,,
629,UP,Uttar Pradesh,UP_Barabanki,Barabanki,513,184,327,2,0,0,0,0,0,,
630,UP,Uttar Pradesh,UP_Bareilly,Bareilly,481,283,183,15,0,0,0,0,0,,
631,UP,Uttar Pradesh,UP_Basti,Basti,380,37,328,15,0,0,0,0,0,,
632,UP,Uttar Pradesh,UP_Bhadohi,Bhadohi,173,49,123,1,0,0,0,0,0,,
633,UP,Uttar Pradesh,UP_Bijnor,Bijnor,364,102,256,6,0,0,0,0,0,,
634,UP,Uttar Pradesh,UP_Budaun,Budaun,180,49,129,2,0,0,0,0,0,,
635,UP,Uttar Pradesh,UP_Bulandshahr,Bulandshahr,801,228,549,24,0,0,0,0,0,,
636,UP,Uttar Pradesh,UP_Chandauli,Chandauli,212,94,115,3,0,0,0,0,0,,
637,UP,Uttar Pradesh,UP_Chitrakoot,Chitrakoot,101,4,95,2,0,0,0,0,0,,
638,UP,Uttar Pradesh,UP_Deoria,Deoria,290,98,188,4,0,0,0,0,0,,
639,UP,Uttar Pradesh,UP_Etah,Etah,161,50,103,8,0,0,0,0,0,,
640,UP,Uttar Pradesh,UP_Etawah,Etawah,348,100,231,17,0,0,0,0,0,,
642,UP,Uttar Pradesh,UP_Farrukhabad,Farrukhabad,228,89,131,8,0,0,0,0,0,,
643,UP,Uttar Pradesh,UP_Fatehpur,Fatehpur,187,55,131,1,0,0,0,0,0,,
644,UP,Uttar Pradesh,UP_Firozabad,Firozabad,545,33,482,30,0,0,0,0,0,,
645,UP,Uttar Pradesh,UP_Gautam Buddha Nagar,Gautam Buddha Nagar,3010,969,2011,30,0,0,0,0,0,,
646,UP,Uttar Pradesh,UP_Ghaziabad,Ghaziabad,2612,1477,1072,63,0,0,0,0,0,,
647,UP,Uttar Pradesh,UP_Ghazipur,Ghazipur,377,51,322,4,0,0,0,0,0,,
648,UP,Uttar Pradesh,UP_Gonda,Gonda,191,33,153,5,0,0,0,0,0,,
649,UP,Uttar Pradesh,UP_Gorakhpur,Gorakhpur,503,177,312,14,0,0,0,0,0,,
650,UP,Uttar Pradesh,UP_Hamirpur,Hamirpur,99,20,77,2,0,0,0,0,0,,
651,UP,Uttar Pradesh,UP_Hapur,Hapur,775,167,592,16,0,0,0,0,0,,
652,UP,Uttar Pradesh,UP_Hardoi,Hardoi,257,44,208,5,0,0,0,0,0,,
653,UP,Uttar Pradesh,UP_Hathras,Hathras,200,35,162,3,0,0,0,0,0,,
654,UP,Uttar Pradesh,UP_Jalaun,Jalaun,201,39,155,7,0,0,0,0,0,,
655,UP,Uttar Pradesh,UP_Jaunpur,Jaunpur,622,129,484,9,0,0,0,0,0,,
656,UP,Uttar Pradesh,UP_Jhansi,Jhansi,377,247,101,29,0,0,0,0,0,,
657,UP,Uttar Pradesh,UP_Kannauj,Kannauj,290,53,236,1,0,0,0,0,0,,
658,UP,Uttar Pradesh,UP_Kanpur Dehat,Kanpur Dehat,71,17,53,1,0,0,0,0,0,,
659,UP,Uttar Pradesh,UP_Kanpur Nagar,Kanpur Nagar,1510,444,998,68,0,0,0,0,0,,
660,UP,Uttar Pradesh,UP_Kasganj,Kasganj,145,82,63,0,0,0,0,0,0,,
661,UP,Uttar Pradesh,UP_Kaushambi,Kaushambi,154,74,79,1,0,0,0,0,0,,
663,UP,Uttar Pradesh,UP_Kushinagar,Kushinagar,193,82,107,4,0,0,0,0,0,,
662,UP,Uttar Pradesh,UP_Lakhimpur Kheri,Lakhimpur Kheri,135,21,114,0,0,0,0,0,0,,
664,UP,Uttar Pradesh,UP_Lalitpur,Lalitpur,22,17,2,3,0,0,0,0,0,,
665,UP,Uttar Pradesh,UP_Lucknow,Lucknow,1783,791,965,27,0,0,0,0,0,,
667,UP,Uttar Pradesh,UP_Maharajganj,Maharajganj,234,76,155,3,0,0,0,0,0,,
666,UP,Uttar Pradesh,UP_Mahoba,Mahoba,74,18,55,1,0,0,0,0,0,,
668,UP,Uttar Pradesh,UP_Mainpuri,Mainpuri,277,22,245,10,0,0,0,0,0,,
669,UP,Uttar Pradesh,UP_Mathura,Mathura,460,181,257,22,0,0,0,0,0,,
670,UP,Uttar Pradesh,UP_Mau,Mau,195,100,91,4,0,0,0,0,0,,
671,UP,Uttar Pradesh,UP_Meerut,Meerut,1332,408,839,85,0,0,0,0,0,,
672,UP,Uttar Pradesh,UP_Mirzapur,Mirzapur,214,132,80,2,0,0,0,0,0,,
673,UP,Uttar Pradesh,UP_Moradabad,Moradabad,598,169,401,28,0,0,0,0,0,,
674,UP,Uttar Pradesh,UP_Muzaffarnagar,Muzaffarnagar,385,114,260,11,0,0,0,0,0,,
675,UP,Uttar Pradesh,UP_Pilibhit,Pilibhit,165,47,118,0,0,0,0,0,0,,
676,UP,Uttar Pradesh,UP_Pratapgarh,Pratapgarh,128,13,106,9,0,0,0,0,0,,
677,UP,Uttar Pradesh,UP_Prayagraj,Prayagraj,449,171,265,13,0,0,0,0,0,,
678,UP,Uttar Pradesh,UP_Rae Bareli,Rae Bareli,166,38,125,3,0,0,0,0,0,,
679,UP,Uttar Pradesh,UP_Rampur,Rampur,398,50,344,4,0,0,0,0,0,,
680,UP,Uttar Pradesh,UP_Saharanpur,Saharanpur,484,112,371,1,0,0,0,0,0,,
681,UP,Uttar Pradesh,UP_Sambhal,Sambhal,416,88,320,8,0,0,0,0,0,,
682,UP,Uttar Pradesh,UP_Sant Kabir Nagar,Sant Kabir Nagar,304,90,207,7,0,0,0,0,0,,
683,UP,Uttar Pradesh,UP_Shahjahanpur,Shahjahanpur,160,40,120,0,0,0,0,0,0,,
684,UP,Uttar Pradesh,UP_Shamli,Shamli,176,32,141,3,0,0,0,0,0,,
685,UP,Uttar Pradesh,UP_Shrawasti,Shrawasti,79,20,57,2,0,0,0,0,0,,
686,UP,Uttar Pradesh,UP_Siddharthnagar,Siddharthnagar,286,54,223,9,0,0,0,0,0,,
687,UP,Uttar Pradesh,UP_Sitapur,Sitapur,75,14,60,1,0,0,0,0,0,,
688,UP,Uttar Pradesh,UP_Sonbhadra,Sonbhadra,75,37,38,0,0,0,0,0,0,,
689,UP,Uttar Pradesh,UP_Sultanpur,Sultanpur,217,39,174,4,0,0,0,0,0,,
690,UP,Uttar Pradesh,UP_Unnao,Unnao,264,112,149,3,0,0,0,0,0,,
691,UP,Uttar Pradesh,UP_Varanasi,Varanasi,698,273,395,30,0,0,0,0,0,,
692,UT,Uttarakhand,UT_Almora,Almora,198,18,177,2,1,0,0,0,0,,
693,UT,Uttarakhand,UT_Bageshwar,Bageshwar,93,10,82,1,0,0,0,0,0,,
694,UT,Uttarakhand,UT_Chamoli,Chamoli,76,3,73,0,0,0,0,0,0,,
695,UT,Uttarakhand,UT_Champawat,Champawat,61,7,53,1,0,0,0,0,0,,
696,UT,Uttarakhand,UT_Dehradun,Dehradun,785,118,621,27,19,0,0,0,0,,
697,UT,Uttarakhand,UT_Haridwar,Haridwar,337,30,300,0,7,0,0,0,0,,
698,UT,Uttarakhand,UT_Nainital,Nainital,548,179,364,4,1,0,0,0,0,,
699,UT,Uttarakhand,UT_Pauri Garhwal,Pauri Garhwal,154,8,142,4,0,0,0,0,0,,
700,UT,Uttarakhand,UT_Pithoragarh,Pithoragarh,70,5,65,0,0,0,0,0,0,,
701,UT,Uttarakhand,UT_Rudraprayag,Rudraprayag,66,0,65,1,0,0,0,0,0,,
702,UT,Uttarakhand,UT_Tehri Garhwal,Tehri Garhwal,421,1,418,2,0,0,0,0,0,,
703,UT,Uttarakhand,UT_Udham Singh Nagar,Udham Singh Nagar,358,128,227,3,0,0,0,0,0,,
704,UT,Uttarakhand,UT_Uttarkashi,Uttarkashi,91,27,63,1,0,0,0,0,0,,
705,WB,West Bengal,WB_Alipurduar,Alipurduar,191,7,184,0,0,0,0,0,0,,
706,WB,West Bengal,WB_Bankura,Bankura,286,48,238,0,0,0,0,0,0,,
707,WB,West Bengal,WB_Birbhum,Birbhum,316,22,291,3,0,0,0,0,0,,
708,WB,West Bengal,WB_Cooch Behar,Cooch Behar,312,7,305,0,0,0,0,0,0,,
709,WB,West Bengal,WB_Dakshin Dinajpur,Dakshin Dinajpur,253,39,214,0,0,0,0,0,0,,
710,WB,West Bengal,WB_Darjeeling,Darjeeling,716,224,482,10,0,0,0,0,0,,
711,WB,West Bengal,WB_Hooghly,Hooghly,1294,344,922,28,0,0,0,0,0,,
712,WB,West Bengal,WB_Howrah,Howrah,3398,869,2415,114,0,0,0,0,0,,
713,WB,West Bengal,WB_Jalpaiguri,Jalpaiguri,424,76,345,3,0,0,0,0,0,,
714,WB,West Bengal,WB_Jhargram,Jhargram,25,6,19,0,0,0,0,0,0,,
715,WB,West Bengal,WB_Kalimpong,Kalimpong,56,3,52,1,0,0,0,0,0,,
716,WB,West Bengal,WB_Kolkata,Kolkata,8046,2814,4788,444,0,0,0,0,0,,
717,WB,West Bengal,WB_Malda,Malda,954,287,661,6,0,0,0,0,0,,
719,WB,West Bengal,WB_Murshidabad,Murshidabad,300,74,222,4,0,0,0,0,0,,
720,WB,West Bengal,WB_Nadia,Nadia,385,79,298,8,0,0,0,0,0,,
721,WB,West Bengal,WB_North 24 Parganas,North 24 Parganas,4353,1708,2501,144,0,0,0,0,0,,
0,WB,West Bengal,WB_Other State,Other State,66,0,63,3,0,0,0,0,0,,
722,WB,West Bengal,WB_Paschim Bardhaman,Paschim Bardhaman,171,32,134,5,0,0,0,0,0,,
718,WB,West Bengal,WB_Paschim Medinipur,Paschim Medinipur,427,64,356,7,0,0,0,0,0,,
723,WB,West Bengal,WB_Purba Bardhaman,Purba Bardhaman,202,34,165,3,0,0,0,0,0,,
724,WB,West Bengal,WB_Purba Medinipur,Purba Medinipur,458,142,309,7,0,0,0,0,0,,
725,WB,West Bengal,WB_Purulia,Purulia,114,26,88,0,0,0,0,0,0,,
726,WB,West Bengal,WB_South 24 Parganas,South 24 Parganas,1726,747,943,36,0,0,0,0,0,,
727,WB,West Bengal,WB_Uttar Dinajpur,Uttar Dinajpur,350,53,296,1,0,0,0,0,0,,
728,AN,Andaman and Nicobar Islands,AN_Unknown,Unknown,99,58,41,0,0,0,0,0,0,,
729,AP,Andhra Pradesh,AP_Unknown,Unknown,0,0,0,0,0,0,0,0,0,,
730,AR,Arunachal Pradesh,AR_Unknown,Unknown,0,0,0,0,0,0,0,0,0,,
731,AS,Assam,AS_Unknown,Unknown,5305,-2508,7808,2,3,0,0,0,0,,
732,BR,Bihar,BR_Unknown,Unknown,0,0,0,0,0,0,0,0,0,,
733,CH,Chandigarh,CH_Unknown,Unknown,0,0,0,0,0,0,0,0,0,,
734,CT,Chhattisgarh,CT_Unknown,Unknown,0,0,0,0,0,0,0,0,0,,
735,DN,Dadra and Nagar Haveli and Daman and Diu,DN_Unknown,Unknown,0,0,0,0,0,0,0,0,0,,
737,DL,Delhi,DL_Unknown,Unknown,104076,22665,78199,3212,0,0,0,0,0,,
738,GA,Goa,GA_Unknown,Unknown,477,0,477,0,0,0,0,0,0,,
739,GJ,Gujarat,GJ_Unknown,Unknown,0,0,0,0,0,0,0,0,0,,
740,HR,Haryana,HR_Unknown,Unknown,0,0,0,0,0,0,0,0,0,,
741,HP,Himachal Pradesh,HP_Unknown,Unknown,0,0,0,0,0,0,0,0,0,,
742,JK,Jammu and Kashmir,JK_Unknown,Unknown,0,0,0,0,0,0,0,0,0,,
743,JH,Jharkhand,JH_Unknown,Unknown,0,0,0,0,0,0,0,0,0,,
744,KA,Karnataka,KA_Unknown,Unknown,0,0,0,0,0,0,0,0,0,,
745,KL,Kerala,KL_Unknown,Unknown,0,0,0,0,0,0,0,0,0,,
746,LA,Ladakh,LA_Unknown,Unknown,0,0,0,0,0,0,0,0,0,,
747,LD,Lakshadweep,LD_Unknown,Unknown,0,0,0,0,0,0,0,0,0,,
748,MP,Madhya Pradesh,MP_Unknown,Unknown,0,0,0,0,0,0,0,0,0,,
749,MH,Maharashtra,MH_Unknown,Unknown,0,0,0,0,0,0,0,0,0,,
750,MN,Manipur,MN_Unknown,Unknown,0,-439,439,0,0,0,0,0,0,,
751,ML,Meghalaya,ML_Unknown,Unknown,2,-10,12,0,0,0,0,0,0,,
752,MZ,Mizoram,MZ_Unknown,Unknown,0,0,0,0,0,0,0,0,0,,
753,NL,Nagaland,NL_Unknown,Unknown,0,-244,244,0,0,0,0,0,0,,
754,OR,Odisha,OR_Unknown,Unknown,0,0,0,0,0,0,0,0,0,,
755,PY,Puducherry,PY_Unknown,Unknown,0,0,0,0,0,0,0,0,0,,
756,PB,Punjab,PB_Unknown,Unknown,0,0,0,0,0,0,0,0,0,,
757,RJ,Rajasthan,RJ_Unknown,Unknown,0,0,0,0,0,0,0,0,0,,
758,SK,Sikkim,SK_Unknown,Unknown,2,-8,10,0,0,0,0,0,0,,
759,TN,Tamil Nadu,TN_Unknown,Unknown,0,0,0,0,0,0,0,0,0,,
760,TG,Telangana,TG_Unknown,Unknown,456,-16566,16728,294,0,0,0,0,0,,
761,TR,Tripura,TR_Unknown,Unknown,0,0,0,0,0,0,0,0,0,,
762,UP,Uttar Pradesh,UP_Unknown,Unknown,0,0,0,0,0,0,0,0,0,,
763,UT,Uttarakhand,UT_Unknown,Unknown,0,0,0,0,0,0,0,0,0,,
764,WB,West Bengal,WB_Unknown,Unknown,0,0,0,0,0,0,0,0,0,,
